Município;IDH-M;IDH-R;IDH-L;IDH-E
São Caetano do Sul;0,862;0,891;0,887;0,811
Águas de São Pedro;0,854;0,849;0,89;0,825
Santos;0,84;0,861;0,852;0,807
Jundiaí;0,822;0,834;0,866;0,768
Valinhos;0,819;0,848;0,85;0,763
Vinhedo;0,817;0,84;0,878;0,739
Araraquara;0,815;0,788;0,877;0,782
Santo André;0,815;0,819;0,861;0,769
Santana de Parnaíba;0,814;0,876;0,849;0,725
Ilha Solteira;0,812;0,786;0,871;0,782
Americana;0,811;0,8;0,876;0,76
São José dos Campos;0,807;0,804;0,855;0,764
Presidente Prudente;0,806;0,788;0,858;0,774
São Bernardo do Campo;0,805;0,807;0,861;0,752
São Paulo;0,805;0,843;0,855;0,725
Assis;0,805;0,771;0,865;0,781
Campinas;0,805;0,829;0,86;0,731
São Carlos;0,805;0,788;0,863;0,766
Rio Claro;0,803;0,784;0,862;0,766
Bauru;0,801;0,8;0,854;0,752
Pirassununga;0,801;0,789;0,884;0,736
Taubaté;0,8;0,778;0,883;0,746
Ribeirão Preto;0,8;0,82;0,844;0,739
Botucatu;0,8;0,79;0,869;0,746
Marília;0,798;0,768;0,854;0,776
Sorocaba;0,798;0,792;0,843;0,762
Guaratinguetá;0,798;0,764;0,886;0,751
Fernandópolis;0,797;0,767;0,872;0,758
São João da Boa Vista;0,797;0,776;0,871;0,749
São José do Rio Preto;0,797;0,801;0,846;0,748
Paulínia;0,795;0,8;0,864;0,727
Holambra;0,793;0,815;0,878;0,698
Nova Odessa;0,791;0,755;0,861;0,762
Saltinho;0,791;0,771;0,857;0,75
Votuporanga;0,79;0,772;0,857;0,744
Santa Cruz da Conceição;0,79;0,83;0,876;0,679
Adamantina;0,79;0,772;0,852;0,75
Barretos;0,789;0,762;0,875;0,738
Cândido Rodrigues;0,789;0,747;0,863;0,762
Barra Bonita;0,788;0,762;0,869;0,739
Cruzeiro;0,788;0,742;0,871;0,758
Caçapava;0,788;0,754;0,858;0,755
Mairiporã;0,788;0,767;0,881;0,723
Indaiatuba;0,788;0,791;0,837;0,738
Araçatuba;0,788;0,782;0,841;0,744
Espírito Santo do Pinhal;0,787;0,784;0,872;0,712
Pompéia;0,786;0,75;0,864;0,748
Lins;0,786;0,762;0,869;0,733
Barueri;0,786;0,791;0,866;0,708
Piracicaba;0,785;0,797;0,848;0,717
Tremembé;0,785;0,769;0,873;0,72
Amparo;0,785;0,78;0,871;0,711
Catanduva;0,785;0,767;0,853;0,74
Monte Aprazível;0,785;0,781;0,861;0,72
Arujá;0,784;0,761;0,866;0,73
Mogi Mirim;0,784;0,767;0,879;0,715
Santa Fé do Sul;0,784;0,763;0,84;0,751
Ribeirão Pires;0,784;0,749;0,847;0,76
Mogi das Cruzes;0,783;0,762;0,851;0,74
Cerquilho;0,782;0,758;0,854;0,739
Águas da Prata;0,781;0,75;0,886;0,716
Araras;0,781;0,763;0,859;0,728
Caieiras;0,781;0,74;0,861;0,749
Santa Bárbara d'Oeste;0,781;0,752;0,867;0,731
Franca;0,78;0,749;0,842;0,753
Bebedouro;0,78;0,756;0,853;0,735
Cotia;0,78;0,789;0,851;0,707
Birigui;0,78;0,743;0,869;0,734
Boituva;0,78;0,757;0,861;0,728
Orlândia;0,78;0,765;0,882;0,703
Salto;0,78;0,755;0,837;0,751
Andradina;0,779;0,762;0,885;0,702
Piratininga;0,779;0,762;0,859;0,723
Tietê;0,778;0,764;0,884;0,698
Ourinhos;0,778;0,753;0,859;0,727
Itatiba;0,778;0,788;0,844;0,708
Jaboticabal;0,778;0,778;0,851;0,71
Jaú;0,778;0,768;0,886;0,693
Louveira;0,777;0,783;0,861;0,697
José Bonifácio;0,777;0,752;0,869;0,717
Jacareí;0,777;0,749;0,837;0,749
Iracemápolis;0,776;0,742;0,863;0,729
Bragança Paulista;0,776;0,772;0,861;0,704
Osasco;0,776;0,776;0,84;0,718
Dracena;0,776;0,752;0,842;0,737
Araçoiaba da Serra;0,776;0,751;0,86;0,723
Pirapozinho;0,776;0,74;0,863;0,733
Jales;0,776;0,75;0,855;0,73
Santa Rita do Passa Quatro;0,775;0,764;0,887;0,686
Limeira;0,775;0,761;0,852;0,719
São José do Rio Pardo;0,774;0,744;0,868;0,717
Pedrinhas Paulista;0,774;0,749;0,837;0,739
Cruzália;0,774;0,698;0,853;0,778
Mogi Guaçu;0,774;0,74;0,852;0,736
Olímpia;0,773;0,737;0,867;0,736
Pindamonhangaba;0,773;0,745;0,843;0,736
Auriflama;0,773;0,746;0,84;0,738
Matão;0,773;0,766;0,847;0,713
Sebastianópolis do Sul;0,773;0,748;0,835;0,74
Itu;0,773;0,782;0,854;0,692
Santana da Ponte Pensa;0,773;0,751;0,84;0,733
Monções;0,772;0,731;0,814;0,773
Sales Oliveira;0,772;0,738;0,845;0,739
Santa Salete;0,772;0,712;0,864;0,748
São Sebastião;0,772;0,747;0,875;0,703
Poá;0,771;0,71;0,856;0,754
Maracaí;0,771;0,711;0,85;0,758
Tupã;0,771;0,764;0,852;0,704
Vargem Grande Paulista;0,77;0,755;0,884;0,683
Santa Rosa de Viterbo;0,77;0,746;0,868;0,704
Macatuba;0,77;0,763;0,859;0,697
Oriente;0,77;0,717;0,837;0,761
Ouroeste;0,77;0,717;0,866;0,736
Campo Limpo Paulista;0,769;0,733;0,84;0,739
Tupi Paulista;0,769;0,762;0,835;0,715
Garça;0,769;0,737;0,849;0,728
Cosmópolis;0,769;0,746;0,876;0,697
Pedreira;0,769;0,75;0,864;0,701
Taboão da Serra;0,769;0,742;0,863;0,71
Monte Alto;0,768;0,746;0,859;0,707
São Vicente;0,768;0,738;0,857;0,716
Regente Feijó;0,768;0,735;0,818;0,752
São Roque;0,768;0,765;0,863;0,687
Igarapava;0,768;0,809;0,835;0,671
Bilac;0,768;0,743;0,845;0,722
Orindiúva;0,767;0,719;0,824;0,762
Serra Negra;0,767;0,764;0,873;0,676
Votorantim;0,767;0,72;0,838;0,747
Avaré;0,767;0,751;0,866;0,695
Mauá;0,766;0,721;0,852;0,733
Lorena;0,766;0,736;0,856;0,713
Alumínio;0,766;0,729;0,841;0,732
Poloni;0,766;0,736;0,853;0,717
Cedral;0,766;0,749;0,872;0,689
São Simão;0,766;0,732;0,852;0,722
Pereira Barreto;0,766;0,728;0,845;0,732
Nova Europa;0,765;0,718;0,869;0,718
Suzano;0,765;0,708;0,873;0,723
Atibaia;0,765;0,786;0,851;0,67
Ituverava;0,765;0,768;0,841;0,694
Cachoeira Paulista;0,764;0,733;0,837;0,728
Rosana;0,764;0,749;0,818;0,728
Lençóis Paulista;0,764;0,743;0,837;0,717
Itapetininga;0,763;0,728;0,864;0,705
Guarulhos;0,763;0,746;0,831;0,717
Buritama;0,763;0,736;0,839;0,72
Gabriel Monteiro;0,763;0,721;0,809;0,762
Presidente Venceslau;0,763;0,749;0,837;0,708
Guararapes;0,763;0,727;0,84;0,726
Itapira;0,762;0,75;0,852;0,692
Itupeva;0,762;0,75;0,844;0,699
Osvaldo Cruz;0,762;0,74;0,837;0,713
Mococa;0,762;0,756;0,827;0,709
Mirassol;0,762;0,748;0,846;0,698
Santa Cruz do Rio Pardo;0,762;0,744;0,867;0,686
Paraguaçu Paulista;0,762;0,717;0,836;0,739
Sumaré;0,762;0,744;0,845;0,705
São Joaquim da Barra;0,762;0,74;0,847;0,706
Sertãozinho;0,761;0,768;0,855;0,672
Batatais;0,761;0,766;0,84;0,685
Indiana;0,761;0,714;0,843;0,733
Santa Rita d'Oeste;0,761;0,711;0,839;0,74
Itirapuã;0,76;0,735;0,832;0,743
Taiúva;0,76;0,732;0,835;0,718
Santa Adélia;0,76;0,75;0,835;0,702
Jandira;0,76;0,738;0,841;0,706
Descalvado;0,76;0,74;0,865;0,687
Estrela d'Oeste;0,76;0,712;0,873;0,705
Várzea Paulista;0,759;0,72;0,863;0,705
Rubinéia;0,759;0,713;0,844;0,726
Caraguatatuba;0,759;0,735;0,845;0,705
Monte Alegre do Sul;0,759;0,752;0,858;0,678
Rio das Pedras;0,759;0,741;0,842;0,7
Inúbia Paulista;0,759;0,688;0,849;0,75
Taquaral;0,759;0,742;0,823;0,716
Penápolis;0,759;0,748;0,859;0,68
Piraju;0,758;0,74;0,843;0,699
Cordeirópolis;0,758;0,754;0,858;0,674
Fernando Prestes;0,758;0,746;0,859;0,68
Álvares Machado;0,758;0,712;0,834;0,732
Porto Feliz;0,758;0,737;0,836;0,706
Diadema;0,757;0,717;0,844;0,716
Águas de Santa Bárbara;0,757;0,744;0,84;0,695
Piquete;0,757;0,711;0,823;0,74
Colina;0,757;0,72;0,845;0,712
Santo Antônio do Aracanguá;0,757;0,71;0,84;0,728
Presidente Bernardes;0,757;0,718;0,839;0,719
Nova Castilho;0,756;0,694;0,823;0,755
Cravinhos;0,756;0,737;0,857;0,683
Hortolândia;0,756;0,716;0,859;0,703
Bálsamo;0,756;0,746;0,835;0,695
Pirangi;0,756;0,735;0,837;0,701
Ilhabela;0,756;0,739;0,843;0,693
Jambeiro;0,756;0,727;0,86;0,69
Aparecida;0,755;0,735;0,828;0,706
São Pedro;0,755;0,741;0,863;0,674
Brodowski;0,755;0,738;0,864;0,675
Pongaí;0,755;0,727;0,844;0,701
Analândia;0,754;0,745;0,861;0,668
Neves Paulista;0,754;0,737;0,823;0,707
Vera Cruz;0,754;0,722;0,83;0,715
Mongaguá;0,754;0,719;0,854;0,699
Registro;0,754;0,718;0,851;0,702
Praia Grande;0,754;0,744;0,834;0,692
Corumbataí;0,754;0,728;0,841;0,7
Boracéia;0,754;0,723;0,866;0,685
Guaíra;0,753;0,759;0,824;0,683
Novo Horizonte;0,753;0,741;0,865;0,665
Monte Azul Paulista;0,753;0,733;0,843;0,69
Santo Anastácio;0,753;0,725;0,854;0,689
Tarumã;0,753;0,738;0,852;0,68
Magda;0,753;0,724;0,823;0,717
Três Fronteiras;0,753;0,71;0,829;0,726
Ipeúna;0,753;0,737;0,845;0,685
Palmeira d'Oeste;0,753;0,72;0,829;0,714
Tatuí;0,752;0,734;0,842;0,688
Marapoama;0,752;0,736;0,852;0,679
Lucélia;0,752;0,728;0,841;0,695
Turiúba;0,751;0,713;0,824;0,721
Tapiratiba;0,751;0,703;0,87;0,692
Indiaporã;0,751;0,714;0,835;0,71
Porto Ferreira;0,751;0,736;0,827;0,696
Mirandópolis;0,751;0,732;0,869;0,665
Catiguá;0,751;0,734;0,852;0,676
Sales;0,751;0,708;0,859;0,697
Ubatuba;0,751;0,741;0,841;0,679
Américo Brasiliense;0,751;0,709;0,852;0,701
Guarujá;0,751;0,729;0,854;0,679
Nhandeara;0,751;0,729;0,835;0,672
Rancharia;0,751;0,72;0,861;0,683
Bastos;0,751;0,696;0,848;0,718
Presidente Epitácio;0,75;0,714;0,845;0,7
Bariri;0,75;0,736;0,867;0,662
Capivari;0,75;0,744;0,848;0,669
São João do Pau d'Alho;0,75;0,714;0,854;0,692
Paraíso;0,749;0,751;0,837;0,668
Artur Nogueira;0,749;0,745;0,827;0,681
União Paulista;0,749;0,697;0,863;0,699
Terra Roxa;0,749;0,732;0,838;0,684
Campos do Jordão;0,749;0,761;0,852;0,648
Carapicuíba;0,749;0,721;0,842;0,693
Embu-Guaçu;0,749;0,713;0,834;0,708
Ipuã;0,749;0,759;0,848;0,654
Oscar Bressane;0,749;0,713;0,823;0,715
Rio Grande da Serra;0,749;0,684;0,823;0,745
Peruíbe;0,749;0,73;0,854;0,675
Pirajuí;0,749;0,734;0,853;0,672
Taquaritinga;0,748;0,727;0,827;0,696
Tanabi;0,748;0,735;0,829;0,687
São João de Iracema;0,748;0,682;0,833;0,738
Duartina;0,748;0,716;0,837;0,698
Ribeirão do Sul;0,747;0,753;0,818;0,676
Elisiário;0,747;0,711;0,825;0,712
Floreal;0,747;0,71;0,808;0,726
Ibitinga;0,747;0,738;0,846;0,726
Sud Mennucci;0,747;0,743;0,809;0,694
General Salgado;0,747;0,734;0,808;0,702
Potirendaba;0,747;0,737;0,857;0,661
Cândido Mota;0,747;0,701;0,845;0,704
Borá;0,746;0,712;0,863;0,675
Bady Bassitt;0,746;0,737;0,805;0,701
Palmital;0,746;0,727;0,814;0,702
Urânia;0,746;0,727;0,804;0,709
Nuporanga;0,746;0,73;0,866;0,656
Echaporã;0,745;0,719;0,834;0,69
Urupês;0,745;0,741;0,817;0,683
Rafard;0,745;0,722;0,823;0,696
Itanhaém;0,745;0,716;0,823;0,701
Agudos;0,745;0,705;0,845;0,694
Américo de Campos;0,745;0,715;0,817;0,708
Iacanga;0,745;0,721;0,851;0,675
Águas de Lindóia;0,745;0,725;0,846;0,675
Junqueirópolis;0,745;0,727;0,86;0,662
Mendonça;0,744;0,72;0,863;0,663
Vista Alegre do Alto;0,744;0,726;0,84;0,676
Dumont;0,744;0,72;0,849;0,674
Arealva;0,744;0,718;0,84;0,683
Itápolis;0,744;0,738;0,836;0,667
Torrinha;0,744;0,734;0,852;0,658
Bento de Abreu;0,744;0,706;0,82;0,712
Leme;0,744;0,729;0,851;0,665
São Manuel;0,744;0,735;0,805;0,695
Mira Estrela;0,743;0,697;0,806;0,731
Promissão;0,743;0,724;0,85;0,666
Guatapará;0,743;0,724;0,822;0,688
Santa Cruz da Esperança;0,743;0,719;0,832;0,686
Nova Luzitânia;0,743;0,705;0,808;0,719
Macaubal;0,743;0,72;0,844;0,676
Mairinque;0,743;0,721;0,831;0,684
Lindóia;0,742;0,722;0,864;0,654
Bocaina;0,742;0,741;0,84;0,656
Cafelândia;0,742;0,714;0,867;0,661
Itapecerica da Serra;0,742;0,699;0,852;0,687
Pedranópolis;0,742;0,698;0,854;0,684
Dolcinópolis;0,742;0,699;0,825;0,709
Lourdes;0,742;0,697;0,816;0,717
Monte Castelo;0,741;0,706;0,814;0,709
Jumirim;0,741;0,721;0,863;0,655
Miguelópolis;0,741;0,712;0,863;0,661
João Ramalho;0,741;0,701;0,818;0,71
Anhumas;0,741;0,683;0,845;0,706
Teodoro Sampaio;0,741;0,699;0,856;0,679
Dirce Reis;0,741;0,686;0,842;0,704
Alfredo Marcondes;0,741;0,682;0,84;0,71
Motuca;0,741;0,685;0,859;0,691
Estiva Gerbi;0,74;0,716;0,815;0,695
Brotas;0,74;0,724;0,815;0,688
Santópolis do Aguapeí;0,74;0,68;0,83;0,719
Macedônia;0,74;0,705;0,852;0,675
Ibirá;0,74;0,741;0,841;0,65
Rifaina;0,74;0,713;0,824;0,69
Estrela do Norte;0,74;0,693;0,818;0,714
Aramina;0,74;0,723;0,856;0,656
Pederneiras;0,739;0,738;0,812;0,673
Guaiçara;0,739;0,697;0,853;0,679
Santa Mercedes;0,739;0,683;0,847;0,699
Piracaia;0,739;0,758;0,851;0,625
Manduri;0,739;0,73;0,818;0,675
Nova Granada;0,739;0,727;0,818;0,68
Viradouro;0,739;0,717;0,823;0,683
Quatá;0,738;0,706;0,814;0,7
Nova Aliança;0,738;0,71;0,826;0,684
Santa Isabel;0,738;0,7;0,834;0,689
Dourado;0,738;0,718;0,811;0,689
Cabreúva;0,738;0,717;0,828;0,678
Ferraz de Vasconcelos;0,738;0,691;0,828;0,703
Onda Verde;0,738;0,693;0,863;0,671
Santa Ernestina;0,738;0,716;0,802;0,699
Mirassolândia;0,738;0,704;0,829;0,69
Vargem Grande do Sul;0,737;0,721;0,863;0,643
Pindorama;0,737;0,726;0,842;0,654
Santa Gertrudes;0,737;0,723;0,847;0,654
Roseira;0,737;0,691;0,823;0,704
Cubatão;0,737;0,716;0,821;0,681
Santa Lúcia;0,737;0,696;0,818;0,703
Parapuã;0,737;0,693;0,83;0,696
Guaraci;0,737;0,698;0,84;0,682
Braúna;0,737;0,725;0,83;0,664
Pariquera-Açu;0,736;0,682;0,862;0,678
Iepê;0,736;0,7;0,814;0,7
Conchas;0,736;0,725;0,837;0,658
Charqueada;0,736;0,72;0,82;0,675
Turmalina;0,736;0,724;0,817;0,675
Pereiras;0,736;0,717;0,873;0,637
Itapevi;0,735;0,687;0,855;0,677
Santa Branca;0,735;0,706;0,828;0,678
Glicério;0,735;0,735;0,858;0,63
Embu das Artes;0,735;0,7;0,839;0,676
Aspásia;0,735;0,699;0,864;0,657
Nova Independência;0,735;0,675;0,827;0,711
Tabapuã;0,735;0,726;0,82;0,666
Jardinópolis;0,735;0,728;0,853;0,64
Buritizal;0,735;0,743;0,83;0,643
Presidente Alves;0,735;0,711;0,811;0,689
Valentim Gentil;0,735;0,708;0,81;0,692
Cássia dos Coqueiros;0,734;0,68;0,864;0,673
Cristais Paulista;0,734;0,682;0,802;0,682
Divinolândia;0,734;0,72;0,85;0,645
Cajobi;0,734;0,714;0,822;0,674
Rincão;0,734;0,701;0,826;0,682
Bernardino de Campos;0,734;0,713;0,838;0,662
Lucianópolis;0,733;0,736;0,809;0,662
Jarinu;0,733;0,723;0,826;0,659
Ariranha;0,733;0,73;0,813;0,663
Santa Clara d'Oeste;0,733;0,712;0,804;0,687
Monte Mor;0,733;0,713;0,863;0,639
Bananal;0,733;0,693;0,872;0,653
Pradópolis;0,733;0,738;0,822;0,65
Iacri;0,733;0,701;0,822;0,655
Itapeva;0,732;0,702;0,803;0,697
Paranapuã;0,732;0,712;0,842;0,655
Fartura;0,732;0,699;0,867;0,648
Palestina;0,732;0,717;0,848;0,645
Santo Expedito;0,732;0,664;0,828;0,714
Salesópolis;0,732;0,687;0,829;0,69
Quintana;0,732;0,689;0,811;0,703
Guarani d'Oeste;0,732;0,682;0,806;0,714
Piacatu;0,732;0,681;0,843;0,684
Pontes Gestal;0,732;0,705;0,805;0,69
Engenheiro Coelho;0,732;0,72;0,815;0,668
Tambaú;0,731;0,729;0,858;0,624
Castilho;0,731;0,688;0,827;0,686
Marinópolis;0,731;0,681;0,825;0,694
Guararema;0,731;0,729;0,817;0,656
Meridiano;0,731;0,717;0,817;0,667
Luís Antônio;0,731;0,709;0,822;0,671
Franco da Rocha;0,731;0,702;0,852;0,654
Altinópolis;0,73;0,726;0,843;0,635
Casa Branca;0,73;0,727;0,835;0,64
Mineiros do Tietê;0,73;0,719;0,823;0,658
Sagres;0,73;0,692;0,83;0,677
Embaúba;0,73;0,723;0,84;0,641
Óleo;0,73;0,713;0,858;0,637
Borborema;0,73;0,71;0,831;0,658
Bertioga;0,73;0,727;0,817;0,654
Patrocínio Paulista;0,73;0,696;0,826;0,678
Adolfo;0,73;0,71;0,844;0,648
Itajobi;0,73;0,727;0,832;0,644
Ipiguá;0,73;0,696;0,839;0,666
Lavrinhas;0,729;0,665;0,823;0,707
Cerqueira César;0,729;0,71;0,821;0,666
Serrana;0,729;0,713;0,835;0,65
Salto de Pirapora;0,729;0,699;0,834;0,665
Laranjal Paulista;0,729;0,732;0,829;0,639
Socorro;0,729;0,737;0,828;0,634
Caiabu;0,729;0,682;0,823;0,691
Zacarias;0,729;0,695;0,826;0,674
Chavantes;0,729;0,713;0,828;0,655
Álvares Florence;0,728;0,701;0,806;0,683
Cajamar;0,728;0,713;0,81;0,668
São Lourenço da Serra;0,728;0,704;0,823;0,666
Reginópolis;0,728;0,715;0,817;0,66
Santa Albertina;0,728;0,716;0,809;0,665
Tuiuti;0,728;0,702;0,871;0,63
Guaimbê;0,728;0,675;0,83;0,689
Sabino;0,728;0,708;0,813;0,671
Santa Cruz das Palmeiras;0,728;0,746;0,815;0,635
Ubirajara;0,727;0,689;0,829;0,674
Pirapora do Bom Jesus;0,727;0,679;0,81;0,698
Herculândia;0,727;0,68;0,809;0,698
Flora Rica;0,727;0,668;0,796;0,723
Emilianópolis;0,727;0,69;0,805;0,691
Igaraçu do Tietê;0,727;0,691;0,838;0,664
Ipaussu;0,727;0,713;0,828;0,65
Pardinho;0,727;0,718;0,821;0,652
Nova Guataporanga;0,726;0,707;0,842;0,644
Tarabai;0,726;0,666;0,823;0,697
Murutinga do Sul;0,726;0,703;0,847;0,643
Iguape;0,726;0,691;0,847;0,653
Clementina;0,725;0,704;0,821;0,66
Barrinha;0,725;0,711;0,829;0,646
Paulo de Faria;0,725;0,721;0,8;0,662
Valparaíso;0,725;0,719;0,825;0,643
Ilha Comprida;0,725;0,696;0,821;0,66
Guapiaçu;0,725;0,728;0,866;0,605
Dois Córregos;0,725;0,725;0,853;0,616
Pinhalzinho;0,725;0,707;0,808;0,666
Itapuí;0,725;0,716;0,841;0,633
Vitória Brasil;0,725;0,686;0,811;0,685
Pontal;0,725;0,718;0,838;0,633
Pacaembu;0,725;0,717;0,843;0,631
Lupércio;0,724;0,679;0,83;0,674
Mesópolis;0,724;0,674;0,847;0,666
Itirapina;0,724;0,734;0,813;0,636
Mirante do Paranapanema;0,724;0,67;0,841;0,674
Pitangueiras;0,723;0,699;0,83;0,651
Taciba;0,723;0,682;0,809;0,684
Jaci;0,723;0,7;0,818;0,659
Gastão Vidigal;0,723;0,727;0,817;0,635
São Sebastião da Grama;0,723;0,699;0,82;0,724
Rinópolis;0,723;0,696;0,843;0,644
São Francisco;0,723;0,705;0,814;0,658
Trabiju;0,722;0,666;0,811;0,697
Arco-Íris;0,722;0,671;0,809;0,694
Cosmorama;0,722;0,705;0,849;0,63
Alvinlândia;0,722;0,721;0,791;0,659
Palmares Paulista;0,722;0,698;0,837;0,645
Queluz;0,722;0,665;0,823;0,687
Cardoso;0,722;0,695;0,853;0,636
Panorama;0,722;0,695;0,853;0,636
Ribeirão dos Índios;0,721;0,661;0,809;0,701
Anhembi;0,721;0,681;0,863;0,637
Aparecida d'Oeste;0,721;0,697;0,804;0,67
Capão Bonito;0,721;0,675;0,826;0,671
Lavínia;0,721;0,698;0,82;0,655
Martinópolis;0,721;0,703;0,832;0,641
Parisi;0,721;0,72;0,842;0,619
Rubiácea;0,721;0,684;0,82;0,668
Uchoa;0,721;0,708;0,823;0,644
Itapura;0,72;0,682;0,813;0,673
Lutécia;0,72;0,67;0,846;0,659
Icém;0,72;0,716;0,806;0,646
Caconde;0,72;0,701;0,858;0,62
São João das Duas Pontes;0,72;0,675;0,806;0,686
Cananéia;0,72;0,677;0,806;0,649
São Bento do Sapucaí;0,72;0,719;0,812;0,638
Gavião Peixoto;0,719;0,687;0,802;0,676
Mombuca;0,719;0,746;0,82;0,607
Guaraçaí;0,719;0,699;0,803;0,663
Guariba;0,719;0,712;0,811;0,645
Novais;0,719;0,712;0,822;0,634
Iperó;0,719;0,68;0,814;0,672
Angatuba;0,719;0,693;0,827;0,648
Itaporanga;0,719;0,681;0,835;0,653
Paraibuna;0,719;0,709;0,815;0,642
Coroados;0,719;0,704;0,816;0,648
Platina;0,719;0,691;0,824;0,652
Planalto;0,719;0,683;0,853;0,639
Salmourão;0,719;0,678;0,846;0,649
Mariápolis;0,718;0,684;0,83;0,651
Narandiba;0,718;0,659;0,839;0,67
Dobrada;0,718;0,691;0,818;0,655
Guará;0,718;0,71;0,826;0,63
Paulistânia;0,718;0,683;0,817;0,663
Paranapanema;0,717;0,697;0,839;0,631
Itobi;0,717;0,697;0,82;0,646
Jacupiranga;0,717;0,687;0,832;0,644
Ocauçu;0,717;0,679;0,83;0,653
Getulina;0,717;0,696;0,813;0,652
Campina do Monte Alegre;0,717;0,687;0,846;0,634
Piedade;0,716;0,694;0,848;0,624
Júlio Mesquita;0,716;0,659;0,813;0,686
Severínia;0,715;0,709;0,807;0,638
Queiroz;0,715;0,662;0,811;0,681
Pedregulho;0,715;0,716;0,82;0,623
Nova Canaã Paulista;0,715;0,673;0,806;0,623
Morungaba;0,715;0,726;0,802;0,627
Flórida Paulista;0,715;0,702;0,807;0,646
Aguaí;0,715;0,703;0,858;0,606
Santo Antônio do Jardim;0,714;0,703;0,835;0,62
Itaquaquecetuba;0,714;0,665;0,844;0,648
Torre de Pedra;0,714;0,679;0,829;0,647
Nantes;0,714;0,655;0,79;0,702
Avaí;0,714;0,674;0,83;0,65
Populina;0,714;0,699;0,804;0,647
Florínia;0,713;0,678;0,82;0,652
Guarantã;0,713;0,698;0,832;0,623
Nipoã;0,713;0,701;0,814;0,636
Cajuru;0,713;0,693;0,825;0,633
Irapuã;0,713;0,688;0,844;0,624
Bom Jesus dos Perdões;0,713;0,716;0,802;0,631
Itaí;0,713;0,692;0,83;0,63
Alambari;0,712;0,682;0,805;0,658
Ribeirão Bonito;0,712;0,712;0,811;0,625
Morro Agudo;0,712;0,716;0,836;0,604
Biritiba Mirim;0,712;0,71;0,795;0,64
Irapuru;0,712;0,691;0,839;0,622
Uru;0,712;0,678;0,832;0,639
Piquerobi;0,711;0,669;0,836;0,644
Jaborandi;0,711;0,679;0,845;0,627
Barão de Antonina;0,711;0,676;0,82;0,649
Paulicéia;0,711;0,692;0,811;0,64
Igaratá;0,711;0,683;0,855;0,616
Ribeirão Corrente;0,711;0,688;0,814;0,642
Ibiúna;0,71;0,7;0,832;0,614
Colômbia;0,71;0,689;0,802;0,647
Monteiro Lobato;0,71;0,692;0,826;0,627
São Miguel Arcanjo;0,71;0,708;0,799;0,633
Apiaí;0,71;0,662;0,835;0,647
Timburi;0,71;0,688;0,826;0,629
Brejo Alegre;0,71;0,702;0,826;0,618
Taiaçu;0,71;0,701;0,814;0,628
Taguaí;0,709;0,69;0,818;0,631
Gália;0,709;0,684;0,823;0,634
Juquitiba;0,709;0,68;0,791;0,662
Sandovalina;0,709;0,665;0,812;0,659
Ibirarema;0,708;0,692;0,817;0,628
Conchal;0,708;0,699;0,827;0,614
Sarapuí;0,707;0,699;0,814;0,621
Campos Novos Paulista;0,706;0,67;0,824;0,638
Itatinga;0,706;0,685;0,841;0,61
Cesário Lange;0,706;0,715;0,804;0,611
Santo Antônio do Pinhal;0,706;0,685;0,812;0,632
Borebi;0,705;0,674;0,846;0,615
Bofete;0,705;0,7;0,821;0,609
Itaju;0,705;0,696;0,823;0,613
Restinga;0,705;0,664;0,826;0,639
Avanhandava;0,705;0,688;0,817;0,623
Ribeirão Grande;0,705;0,643;0,807;0,676
Euclides da Cunha Paulista;0,704;0,663;0,802;0,655
Araçariguama;0,704;0,717;0,814;0,597
Tabatinga;0,704;0,7;0,818;0,609
Canas;0,704;0,646;0,797;0,677
Salto Grande;0,704;0,664;0,825;0,637
Iporanga;0,703;0,637;0,816;0,668
Itararé;0,703;0,668;0,803;0,649
Porangaba;0,703;0,696;0,864;0,578
São Pedro do Turvo;0,703;0,661;0,826;0,636
Fernão;0,703;0,668;0,843;0,617
Jeriquara;0,703;0,68;0,814;0,628
Riolândia;0,703;0,677;0,817;0,629
Francisco Morato;0,703;0,659;0,815;0,647
Ibaté;0,703;0,681;0,814;0,627
Santo Antônio de Posse;0,702;0,718;0,838;0,576
Pontalinda;0,702;0,677;0,847;0,604
Santo Antônio da Alegria;0,702;0,69;0,83;0,604
Luiziânia;0,702;0,682;0,815;0,623
Taquarituba;0,701;0,7;0,811;0,606
Pratânia;0,701;0,681;0,798;0,633
Ubarana;0,7;0,672;0,844;0,604
Juquiá;0,7;0,654;0,823;0,637
Alto Alegre;0,7;0,683;0,817;0,616
Barbosa;0,699;0,676;0,843;0,599
Joanópolis;0,699;0,707;0,824;0,585
Suzanápolis;0,699;0,665;0,813;0,631
Capela do Alto;0,699;0,673;0,823;0,617
Vargem;0,699;0,69;0,839;0,591
Ribeira;0,698;0,635;0,797;0,673
São Luís do Paraitinga;0,697;0,691;0,826;0,593
Guzolândia;0,697;0,676;0,808;0,621
Areias;0,697;0,627;0,803;0,672
Caiuá;0,697;0,665;0,802;0,635
Miracatu;0,697;0,645;0,803;0,653
Potim;0,697;0,651;0,806;0,646
Espírito Santo do Turvo;0,696;0,675;0,819;0,609
Pedro de Toledo;0,696;0,654;0,812;0,634
Pracinha;0,696;0,658;0,814;0,629
Elias Fausto;0,695;0,701;0,822;0,583
Areiópolis;0,695;0,686;0,823;0,594
Cajati;0,694;0,658;0,832;0,611
Cabrália Paulista;0,694;0,667;0,811;0,619
Itaberá;0,693;0,652;0,803;0,636
Lagoinha;0,693;0,686;0,797;0,609
São José da Bela Vista;0,693;0,679;0,844;0,58
Ouro Verde;0,692;0,666;0,814;0,612
Eldorado;0,691;0,633;0,847;0,615
Pilar do Sul;0,69;0,674;0,82;0,594
Coronel Macedo;0,69;0,653;0,811;0,619
Sarutaiá;0,688;0,679;0,794;0,603
Álvaro de Carvalho;0,688;0,669;0,805;0,605
Guareí;0,687;0,692;0,805;0,583
Altair;0,687;0,698;0,8;0,581
Santa Maria da Serra;0,686;0,688;0,82;0,571
Serra Azul;0,686;0,697;0,81;0,572
Arandu;0,685;0,675;0,806;0,592
São José do Barreiro;0,684;0,666;0,813;0,591
Cunha;0,684;0,672;0,826;0,576
Tapiraí;0,681;0,647;0,846;0,578
Boa Esperança do Sul;0,681;0,692;0,811;0,562
Arapeí;0,68;0,634;0,812;0,612
Canitar;0,68;0,658;0,791;0,605
Itaóca;0,68;0,627;0,787;0,637
Taquarivaí;0,679;0,617;0,811;0,626
Quadra;0,678;0,7;0,822;0,541
Nazaré Paulista;0,678;0,681;0,818;0,559
Silveiras;0,678;0,657;0,812;0,584
Itariri;0,677;0,642;0,837;0,577
Pedra Bela;0,677;0,671;0,796;0,581
Marabá Paulista;0,677;0,65;0,809;0,591
Guapiara;0,675;0,634;0,806;0,602
Iaras;0,674;0,664;0,848;0,543
Sete Barras;0,673;0,651;0,832;0,562
Balbinos;0,669;0,69;0,809;0,537
Tejupá;0,668;0,668;0,794;0,563
Buri;0,667;0,642;0,799;0,578
Riversul;0,664;0,634;0,799;0,577
Itapirapuã Paulista;0,661;0,595;0,816;0,594
Bom Sucesso de Itararé;0,66;0,605;0,775;0,613
Barra do Chapéu;0,66;0,617;0,779;0,599
Redenção da Serra;0,657;0,633;0,799;0,56
Natividade da Serra;0,655;0,664;0,814;0,52
Nova Campina;0,651;0,598;0,799;0,577
Barra do Turvo;0,641;0,625;0,792;0,532
Ribeirão Branco;0,639;0,592;0,797;0,553
